<?xml version="1.0" encoding="windows-1251"?>
<string_table>
    <!-- MAI MCM Strings - Version 3.0 -->
    
    <!-- Title -->
    <string id="ui_mcm_mai_title">
        <text>MAI - Mutant/Anomaly Interaction v2.4</text>
    </string>
    
    <!-- Section Titles -->
    <string id="ui_mcm_mai_general_title">
        <text>General Settings</text>
    </string>
    
    <string id="ui_mcm_mai_detection_title">
        <text>Detection Settings</text>
    </string>
    
    <string id="ui_mcm_mai_damage_title">
        <text>Damage Settings</text>
    </string>
    
    <string id="ui_mcm_mai_movement_title">
        <text>Movement State Multipliers</text>
    </string>
    
    <string id="ui_mcm_mai_rank_title">
        <text>Rank Miss Chance (%%)</text>
    </string>
    
    <!-- General Settings -->
    <string id="ui_mcm_mai_mod_enabled">
        <text>Enable MAI</text>
    </string>
    <string id="ui_mcm_mai_mod_enabled_desc">
        <text>Enable or disable the MAI mod entirely. When disabled, NPCs will ignore anomalies completely.</text>
    </string>
    
    <string id="ui_mcm_mai_debug_mode">
        <text>Debug Mode</text>
    </string>
    <string id="ui_mcm_mai_debug_mode_desc">
        <text>Enable debug logging to console. Shows detection, damage, and death events.</text>
    </string>
    
    <string id="ui_mcm_mai_verbose_debug">
        <text>Verbose Debug</text>
    </string>
    <string id="ui_mcm_mai_verbose_debug_desc">
        <text>Enable verbose debug logging. Shows update loop, cache rebuilds, and config details. Very spammy!</text>
    </string>
    
    <string id="ui_mcm_mai_show_debug_anomalies">
        <text>Show Anomalies on Map</text>
    </string>
    <string id="ui_mcm_mai_show_debug_anomalies_desc">
        <text>Show all detected anomalies on the PDA map as markers. Useful for debugging why NPCs get stuck. Toggle off to remove markers.</text>
    </string>
    
    <string id="ui_mcm_mai_cleanup_map_markers">
        <text>Cleanup Old Map Markers</text>
    </string>
    <string id="ui_mcm_mai_cleanup_map_markers_desc">
        <text>Remove anomaly markers left on the PDA map from previous MAI versions. Enable this, apply settings, then disable it again. One-time cleanup action.</text>
    </string>
    
    <!-- Detection Settings -->
    <string id="ui_mcm_mai_base_detection_radius">
        <text>Detection Radius</text>
    </string>
    <string id="ui_mcm_mai_base_detection_radius_desc">
        <text>How far NPCs can detect anomalies (in meters). Higher values = earlier detection but more restrictions. Default: 30m</text>
    </string>
    
    <string id="ui_mcm_mai_max_restrictions_length">
        <text>Max Restrictions Buffer</text>
    </string>
    <string id="ui_mcm_mai_max_restrictions_length_desc">
        <text>Maximum length of restriction string per NPC. If exceeded, new anomalies won't be added. Default: 2048</text>
    </string>
    
    <string id="ui_mcm_mai_cache_rebuild_delay">
        <text>Cache Rebuild Delay</text>
    </string>
    <string id="ui_mcm_mai_cache_rebuild_delay_desc">
        <text>Seconds to wait after surge/psy-storm before rebuilding anomaly cache. Allows Arrival mod to finish respawning anomalies. Set to 0 if not using Arrival. Default: 2.5s</text>
    </string>
    
    <string id="ui_mcm_mai_effect_radius">
        <text>Effect Radius</text>
    </string>
    <string id="ui_mcm_mai_effect_radius_desc">
        <text>NPCs outside this radius from player are protected from anomaly damage. Improves performance and prevents distant NPCs from dying. Default: 300m</text>
    </string>
    
    <string id="ui_mcm_mai_restrictions_ignore_radius">
        <text>Global Pathfinding</text>
    </string>
    <string id="ui_mcm_mai_restrictions_ignore_radius_desc">
        <text>If enabled, NPCs will try to avoid anomalies regardless of distance from player. If disabled, only NPCs within effect radius get pathfinding restrictions. Default: Enabled</text>
    </string>
    
    <!-- Experimental Settings -->
    <string id="ui_mcm_mai_experimental_title">
        <text>Experimental Features</text>
    </string>
    
    <string id="ui_mcm_mai_active_flee_enabled">
        <text>Active Flee (Experimental)</text>
    </string>
    <string id="ui_mcm_mai_active_flee_enabled_desc">
        <text>When NPC gets stuck near anomalies, actively make them run to a safe position instead of just clearing restrictions. Uses pathfinding to find cover away from the closest anomaly. May cause unusual NPC movement in some cases. Default: Disabled</text>
    </string>
    
    <string id="ui_mcm_mai_active_flee_min_distance">
        <text>Flee Min Distance</text>
    </string>
    <string id="ui_mcm_mai_active_flee_min_distance_desc">
        <text>Minimum distance (in meters) to flee from the anomaly. NPC will try to get at least this far away. Default: 15m</text>
    </string>
    
    <string id="ui_mcm_mai_active_flee_max_distance">
        <text>Flee Max Distance</text>
    </string>
    <string id="ui_mcm_mai_active_flee_max_distance_desc">
        <text>Maximum distance to search for a safe position. If no position found within this range, NPC will just have restrictions cleared. Default: 40m</text>
    </string>
    
    <string id="ui_mcm_mai_active_flee_cooldown">
        <text>Flee Cooldown</text>
    </string>
    <string id="ui_mcm_mai_active_flee_cooldown_desc">
        <text>Seconds before NPC can receive new anomaly restrictions after fleeing. Higher values give NPCs more time to move away. Default: 30s</text>
    </string>
    
    <!-- Damage Settings -->
    <string id="ui_mcm_mai_enable_armor_damage_mult">
        <text>Outfit-based Damage</text>
    </string>
    <string id="ui_mcm_mai_enable_armor_damage_mult_desc">
        <text>Apply damage multipliers based on NPC's equipped outfit. Protection values are read directly from outfit configs (burn, shock, chemical, radiation, psy, strike). An exoskeleton with 0.7 shock protection takes only 30%% electric anomaly damage.</text>
    </string>
    
    <string id="ui_mcm_mai_immune_zero_miss_chance">
        <text>Immune at 0%% Miss Chance</text>
    </string>
    <string id="ui_mcm_mai_immune_zero_miss_chance_desc">
        <text>NPCs with 0%% miss chance (Veterans+) become completely immune to anomaly damage. Safety net for experienced stalkers. Default: Enabled</text>
    </string>
    
    <!-- Movement State Settings -->
    <string id="ui_mcm_mai_standing_miss_multiplier">
        <text>Standing Multiplier</text>
    </string>
    <string id="ui_mcm_mai_standing_miss_multiplier_desc">
        <text>Miss chance multiplier when NPC is standing still. Lower = more careful. Default: 0.3x</text>
    </string>
    
    <string id="ui_mcm_mai_walking_miss_multiplier">
        <text>Walking Multiplier</text>
    </string>
    <string id="ui_mcm_mai_walking_miss_multiplier_desc">
        <text>Miss chance multiplier when NPC is walking. Default: 0.6x</text>
    </string>
    
    <string id="ui_mcm_mai_running_miss_multiplier">
        <text>Running Multiplier</text>
    </string>
    <string id="ui_mcm_mai_running_miss_multiplier_desc">
        <text>Miss chance multiplier when NPC is running. Higher = more likely to miss anomalies. Default: 1.2x</text>
    </string>
    
    <string id="ui_mcm_mai_combat_miss_multiplier">
        <text>Combat Multiplier</text>
    </string>
    <string id="ui_mcm_mai_combat_miss_multiplier_desc">
        <text>Miss chance multiplier when NPC is in combat. Distracted NPCs are much more likely to run into anomalies. Default: 3.0x</text>
    </string>
    
    <!-- Rank Settings -->
    <string id="ui_mcm_mai_rank_novice_miss_chance">
        <text>Novice</text>
    </string>
    <string id="ui_mcm_mai_rank_novice_miss_chance_desc">
        <text>Base miss chance for Novice stalkers. 100%% = always might walk into anomalies. Default: 100%%</text>
    </string>
    
    <string id="ui_mcm_mai_rank_trainee_miss_chance">
        <text>Trainee</text>
    </string>
    <string id="ui_mcm_mai_rank_trainee_miss_chance_desc">
        <text>Base miss chance for Trainee stalkers. Default: 75%%</text>
    </string>
    
    <string id="ui_mcm_mai_rank_experienced_miss_chance">
        <text>Experienced</text>
    </string>
    <string id="ui_mcm_mai_rank_experienced_miss_chance_desc">
        <text>Base miss chance for Experienced stalkers. Default: 50%%</text>
    </string>
    
    <string id="ui_mcm_mai_rank_professional_miss_chance">
        <text>Professional</text>
    </string>
    <string id="ui_mcm_mai_rank_professional_miss_chance_desc">
        <text>Base miss chance for Professional stalkers. Default: 25%%</text>
    </string>
    
    <string id="ui_mcm_mai_rank_veteran_miss_chance">
        <text>Veteran</text>
    </string>
    <string id="ui_mcm_mai_rank_veteran_miss_chance_desc">
        <text>Base miss chance for Veteran stalkers. 0%% = never walks into anomalies. Default: 0%%</text>
    </string>
    
    <string id="ui_mcm_mai_rank_expert_miss_chance">
        <text>Expert</text>
    </string>
    <string id="ui_mcm_mai_rank_expert_miss_chance_desc">
        <text>Base miss chance for Expert stalkers. Default: 0%%</text>
    </string>
    
    <string id="ui_mcm_mai_rank_master_miss_chance">
        <text>Master</text>
    </string>
    <string id="ui_mcm_mai_rank_master_miss_chance_desc">
        <text>Base miss chance for Master stalkers. Default: 0%%</text>
    </string>
    
    <string id="ui_mcm_mai_rank_legend_miss_chance">
        <text>Legend</text>
    </string>
    <string id="ui_mcm_mai_rank_legend_miss_chance_desc">
        <text>Base miss chance for Legend stalkers. Default: 0%%</text>
    </string>
    
</string_table>
